{
  "dataset": "inD",
  "seed": 42,
  "sample_freq": 25,
  "input_len": 3,
  "output_len": 5,
  "downsample": 5,
  "skip_samples": 25,
  "n_inputs": 7,
  "n_outputs": 7,
  "recordings": {
    "00": {
      "x0": 143.255269808385,
      "y0": -57.91170481615564,
      "location": "04_aseag",
      "include": true
    },
    "01": {
      "x0": 143.255269808385,
      "y0": -57.91170481615564,
      "location": "04_aseag",
      "include": true
    },
    "02": {
      "x0": 143.255269808385,
      "y0": -57.91170481615564,
      "location": "04_aseag",
      "include": true
    },
    "03": {
      "x0": 143.255269808385,
      "y0": -57.91170481615564,
      "location": "04_aseag",
      "include": true
    },
    "04": {
      "x0": 143.255269808385,
      "y0": -57.91170481615564,
      "location": "04_aseag",
      "include": true
    },
    "05": {
      "x0": 143.255269808385,
      "y0": -57.91170481615564,
      "location": "04_aseag",
      "include": true
    },
    "06": {
      "x0": 143.255269808385,
      "y0": -57.91170481615564,
      "location": "04_aseag",
      "include": true
    },
    "07": {
      "x0": 55.72110867398384,
      "y0": -32.74837088734138,
      "location": "01_bendplatz",
      "include": true
    },
    "08": {
      "x0": 55.72110867398384,
      "y0": -32.74837088734138,
      "location": "01_bendplatz",
      "include": true
    },
    "09": {
      "x0": 55.72110867398384,
      "y0": -32.74837088734138,
      "location": "01_bendplatz",
      "include": true
    },
    "10": {
      "x0": 55.72110867398384,
      "y0": -32.74837088734138,
      "location": "01_bendplatz",
      "include": true
    },
    "11": {
      "x0": 55.72110867398384,
      "y0": -32.74837088734138,
      "location": "01_bendplatz_construction",
      "include": true
    },
    "12": {
      "x0": 55.72110867398384,
      "y0": -32.74837088734138,
      "location": "01_bendplatz_construction",
      "include": true
    },
    "13": {
      "x0": 55.72110867398384,
      "y0": -32.74837088734138,
      "location": "01_bendplatz_construction",
      "include": true
    },
    "14": {
      "x0": 55.72110867398384,
      "y0": -32.74837088734138,
      "location": "01_bendplatz_construction",
      "include": true
    },
    "15": {
      "x0": 55.72110867398384,
      "y0": -32.74837088734138,
      "location": "01_bendplatz_construction",
      "include": true
    },
    "16": {
      "x0": 55.72110867398384,
      "y0": -32.74837088734138,
      "location": "01_bendplatz_construction",
      "include": true
    },
    "17": {
      "x0": 55.72110867398384,
      "y0": -32.74837088734138,
      "location": "01_bendplatz_construction",
      "include": true
    },
    "18": {
      "x0": 47.4118205383659,
      "y0": -28.8381176470473,
      "location": "02_frankenburg",
      "include": true
    },
    "19": {
      "x0": 47.4118205383659,
      "y0": -28.8381176470473,
      "location": "02_frankenburg",
      "include": true
    },
    "20": {
      "x0": 47.4118205383659,
      "y0": -28.8381176470473,
      "location": "02_frankenburg",
      "include": true
    },
    "21": {
      "x0": 47.4118205383659,
      "y0": -28.8381176470473,
      "location": "02_frankenburg",
      "include": true
    },
    "22": {
      "x0": 47.4118205383659,
      "y0": -28.8381176470473,
      "location": "02_frankenburg",
      "include": true
    },
    "23": {
      "x0": 47.4118205383659,
      "y0": -28.8381176470473,
      "location": "02_frankenburg",
      "include": true
    },
    "24": {
      "x0": 47.4118205383659,
      "y0": -28.8381176470473,
      "location": "02_frankenburg",
      "include": true
    },
    "25": {
      "x0": 47.4118205383659,
      "y0": -28.8381176470473,
      "location": "02_frankenburg",
      "include": true
    },
    "26": {
      "x0": 47.4118205383659,
      "y0": -28.8381176470473,
      "location": "02_frankenburg",
      "include": true
    },
    "27": {
      "x0": 47.4118205383659,
      "y0": -28.8381176470473,
      "location": "02_frankenburg",
      "include": true
    },
    "28": {
      "x0": 47.4118205383659,
      "y0": -28.8381176470473,
      "location": "02_frankenburg",
      "include": true
    },
    "29": {
      "x0": 47.4118205383659,
      "y0": -28.8381176470473,
      "location": "02_frankenburg",
      "include": true
    },
    "30": {
      "x0": 40.080060675120016,
      "y0": -25.416623842759034,
      "location": "03_heckstrasse",
      "include": true
    },
    "31": {
      "x0": 40.080060675120016,
      "y0": -25.416623842759034,
      "location": "03_heckstrasse",
      "include": true
    },
    "32": {
      "x0": 40.080060675120016,
      "y0": -25.416623842759034,
      "location": "03_heckstrasse",
      "include": true
    }
  }
}