{
  "dataset": "rounD",
  "seed": 42,
  "sample_freq": 25,
  "input_len": 3,
  "output_len": 5,
  "downsample": 5,
  "skip_samples": 12,
  "n_inputs": 7,
  "n_outputs": 7,
  "recordings": {
    "00": {
      "x0": 115.51669730710512,
      "y0": -70.6429033531912,
      "location": "1_kackertstrasse",
      "include": true
    },
    "01": {
      "x0": 137.8338032894461,
      "y0": -61.07768929146573,
      "location": "2_thiergarten",
      "include": true
    },
    "02": {
      "x0": 80.97640635242064,
      "y0": -46.93989929086365,
      "location": "0_neuweiler",
      "include": true
    },
    "03": {
      "x0": 80.97640635242064,
      "y0": -46.93989929086365,
      "location": "0_neuweiler",
      "include": true
    },
    "04": {
      "x0": 80.97640635242064,
      "y0": -46.93989929086365,
      "location": "0_neuweiler",
      "include": true
    },
    "05": {
      "x0": 80.97640635242064,
      "y0": -46.93989929086365,
      "location": "0_neuweiler",
      "include": true
    },
    "06": {
      "x0": 80.97640635242064,
      "y0": -46.93989929086365,
      "location": "0_neuweiler",
      "include": true
    },
    "07": {
      "x0": 80.97640635242064,
      "y0": -46.93989929086365,
      "location": "0_neuweiler",
      "include": true
    },
    "08": {
      "x0": 80.97640635242064,
      "y0": -46.93989929086365,
      "location": "0_neuweiler",
      "include": true
    },
    "09": {
      "x0": 80.97640635242064,
      "y0": -46.93989929086365,
      "location": "0_neuweiler",
      "include": true
    },
    "10": {
      "x0": 80.97640635242064,
      "y0": -46.93989929086365,
      "location": "0_neuweiler",
      "include": true
    },
    "11": {
      "x0": 80.97640635242064,
      "y0": -46.93989929086365,
      "location": "0_neuweiler",
      "include": true
    },
    "12": {
      "x0": 80.97640635242064,
      "y0": -46.93989929086365,
      "location": "0_neuweiler",
      "include": true
    },
    "13": {
      "x0": 80.97640635242064,
      "y0": -46.93989929086365,
      "location": "0_neuweiler",
      "include": true
    },
    "14": {
      "x0": 80.97640635242064,
      "y0": -46.93989929086365,
      "location": "0_neuweiler",
      "include": true
    },
    "15": {
      "x0": 80.97640635242064,
      "y0": -46.93989929086365,
      "location": "0_neuweiler",
      "include": true
    },
    "16": {
      "x0": 80.97640635242064,
      "y0": -46.93989929086365,
      "location": "0_neuweiler",
      "include": true
    },
    "17": {
      "x0": 80.97640635242064,
      "y0": -46.93989929086365,
      "location": "0_neuweiler",
      "include": true
    },
    "18": {
      "x0": 80.97640635242064,
      "y0": -46.93989929086365,
      "location": "0_neuweiler",
      "include": true
    },
    "19": {
      "x0": 80.97640635242064,
      "y0": -46.93989929086365,
      "location": "0_neuweiler",
      "include": true
    },
    "20": {
      "x0": 80.97640635242064,
      "y0": -46.93989929086365,
      "location": "0_neuweiler",
      "include": true
    },
    "21": {
      "x0": 80.97640635242064,
      "y0": -46.93989929086365,
      "location": "0_neuweiler",
      "include": true
    },
    "22": {
      "x0": 80.97640635242064,
      "y0": -46.93989929086365,
      "location": "0_neuweiler",
      "include": true
    },
    "23": {
      "x0": 80.97640635242064,
      "y0": -46.93989929086365,
      "location": "0_neuweiler",
      "include": true
    }
  }
}