{
  "dataset": "uniD",
  "seed": 42,
  "sample_freq": 25,
  "input_len": 3,
  "output_len": 5,
  "downsample": 5,
  "skip_samples": 25,
  "n_inputs": 7,
  "n_outputs": 7,
  "recordings": {
    "00": {
      "x0": 121.46225158193216,
      "y0": -86.64134747714613,
      "location": "0_superc",
      "include": true
    },
    "01": {
      "x0": 121.46225158193216,
      "y0": -86.64134747714613,
      "location": "0_superc",
      "include": true
    },
    "02": {
      "x0": 121.46225158193216,
      "y0": -86.64134747714613,
      "location": "0_superc",
      "include": true
    },
    "03": {
      "x0": 121.46225158193216,
      "y0": -86.64134747714613,
      "location": "0_superc",
      "include": true
    },
    "04": {
      "x0": 121.46225158193216,
      "y0": -86.64134747714613,
      "location": "0_superc",
      "include": true
    },
    "05": {
      "x0": 121.46225158193216,
      "y0": -86.64134747714613,
      "location": "0_superc",
      "include": true
    },
    "06": {
      "x0": 121.46225158193216,
      "y0": -86.64134747714613,
      "location": "0_superc",
      "include": true
    },
    "07": {
      "x0": 121.46225158193216,
      "y0": -86.64134747714613,
      "location": "0_superc",
      "include": true
    },
    "08": {
      "x0": 121.46225158193216,
      "y0": -86.64134747714613,
      "location": "0_superc",
      "include": true
    },
    "09": {
      "x0": 121.46225158193216,
      "y0": -86.64134747714613,
      "location": "0_superc",
      "include": true
    },
    "10": {
      "x0": 121.46225158193216,
      "y0": -86.64134747714613,
      "location": "0_superc",
      "include": true
    },
    "11": {
      "x0": 121.46225158193216,
      "y0": -86.64134747714613,
      "location": "0_superc",
      "include": true
    },
    "12": {
      "x0": 121.46225158193216,
      "y0": -86.64134747714613,
      "location": "0_superc",
      "include": true
    }
  }
}
